ATM_ID,CV_RMSE_Hmean,CV_RMSE_Hstd,CV_MAE_Hmean,CV_MAE_Hstd,CV_SMAPE_Hmean,CV_SMAPE_Hstd,Horizons,Samples
Z0276001,0.4945160830049024,0.046065373184733596,0.39328446130715716,0.034207017719168537,7.38379308002659,0.7712016351071204,7,100
Z0386002,0.5776794801381812,0.056577020848058365,0.4545767333786937,0.05270374947796042,8.640196430971207,1.2723256630700939,7,100
Z0646002,0.5351789495410285,0.09267444259104853,0.4193734541337749,0.08008570781604618,7.777713537402783,1.7826317509320655,7,100
Z1031001,0.8138833375743734,0.11571340721353375,0.6253095228009331,0.1078421097237413,13.036964740669555,2.402812911855427,7,100
Z1524001,0.6045260545953646,0.13716309154847595,0.46360251748684095,0.09991547180549723,8.813228944738436,2.0842601145191373,7,100
