Model,N,Mean_Actual,Mean_Predicted,Bias_ME,Bias_MedE,Under_Share,Over_Share,Bias_MRE,Bias_Direction,Bias_ME_as_%_of_MeanActual
LR,3200,54160.30291378355,46075.802424017194,-8084.500489766357,-2992.141201461539,0.5671875,0.4328125,0.17355340877362743,UNDER (negative bias),-14.926985365343828
LSTM,2100,55532.274047619045,53609.05587174369,-1923.2181758753588,-1130.8528935509503,0.5185714285714286,0.48142857142857143,0.5631250305941566,UNDER (negative bias),-3.463244048364011
XGBoost,2800,55283.41625,46657.7088895896,-8625.7073604104,-2785.0408723110645,0.5746428571428571,0.4253571428571429,0.12782482497348344,UNDER (negative bias),-15.602703207420543
