Model,N,Mean_Actual,Mean_Predicted,Bias_ME,Bias_MedE,Under_Share,Over_Share,Bias_MRE,Bias_Direction,Bias_ME_as_%_of_MeanActual
LR,3200,54160.30291378355,46075.802424017194,-8084.500489766357,-2992.141201461539,0.5671875,0.4328125,0.17355340877362743,UNDER (negative bias),-14.926985365343828
LSTM,2100,55532.274047619045,52279.88150612357,-3252.392541495474,-1785.304680857531,0.5285714285714286,0.4714285714285714,0.4773591965946753,UNDER (negative bias),-5.856760950769889
XGBoost,2800,55283.41625,46657.7088895896,-8625.7073604104,-2785.0408723110645,0.5746428571428571,0.4253571428571429,0.12782482497348344,UNDER (negative bias),-15.602703207420543
