ATM_ID,CV_RMSE_Hmean,CV_RMSE_Hstd,CV_MAE_Hmean,CV_MAE_Hstd,CV_SMAPE_Hmean,CV_SMAPE_Hstd,Horizons,Samples
Z0276001,0.68338163447697,0.20477178154024653,0.5654073685191152,0.18743236374048516,10.637569589161169,3.6520040077658997,7,100
Z0386002,0.8427681289144339,0.2507573189786054,0.6972614218185185,0.2267780822991303,13.204392409240702,4.330127912404659,7,100
Z0646002,0.8461796926051783,0.2439097598710381,0.7042581726884913,0.21037945841719777,12.954944593971785,3.9611504160720252,7,100
Z1031001,1.1037134073405646,0.3456034081998197,0.8902705004397884,0.3012626869018675,18.252937033369744,6.2271052764373405,7,100
Z1524001,0.8639884332590703,0.25044860259459,0.7152002102237369,0.2052906617152326,13.469033361634624,4.066483244239992,7,100
