ATM_ID,CV_RMSE_Hmean,CV_RMSE_Hstd,CV_MAE_Hmean,CV_MAE_Hstd,CV_SMAPE_Hmean,CV_SMAPE_Hstd,Horizons,Samples
Z0276001,0.6007121370649774,0.13982631574914522,0.4967455596732679,0.12240355646020998,9.322205871682213,2.3213903701076823,7,100
Z0386002,0.8262999260966842,0.2259454860742027,0.6844001375015618,0.18941691059631166,12.904747599114218,3.5326706558695316,7,100
Z0646002,0.8470169521949323,0.2622077243243183,0.7073514707924927,0.22705699867624057,13.04256015626803,4.280868239716502,7,100
Z1031001,1.1165565681002818,0.23426284505695172,0.9319434990351967,0.21069598264041028,19.272788438931162,4.703934216485153,7,100
Z1524001,0.8629982946504835,0.27232358148914615,0.7207846489046211,0.2367084564411618,13.490211278771545,4.268906365813423,7,100
