ATM_ID,CV_RMSE_Hmean,CV_RMSE_Hstd,CV_MAE_Hmean,CV_MAE_Hstd,CV_SMAPE_Hmean,CV_SMAPE_Hstd,Horizons,Samples
Z0276001,0.6430765245495526,0.19859082616725787,0.5326091948525999,0.17227904850296716,9.917113933938115,3.183545865387371,7,100
Z0386002,0.8195514826724608,0.22107078497874083,0.6704117910353578,0.19997242868265874,12.752218750987499,4.132615124854915,7,100
Z0646002,0.8701141910283562,0.2626633394849286,0.7242162476939742,0.22821611547473467,13.382875139064621,4.715005595625097,7,100
Z1031001,1.125245150162455,0.3834139033060599,0.9229453876051189,0.3336998090987793,18.874170476153072,6.665887137808636,7,100
Z1524001,0.879956310212387,0.2469705893993931,0.7382831504526725,0.22522612809028514,13.926552516923758,4.394760614623724,7,100
