ATM_ID,LR_RMSE,XGB_RMSE,LSTM_RMSE,XGB_RMSE_Improv_%,LSTM_RMSE_Improv_%,Best_RMSE_Model,LR_MAE,XGB_MAE,LSTM_MAE,XGB_MAE_Improv_%,LSTM_MAE_Improv_%,Best_MAE_Model,LR_SMAPE,XGB_SMAPE,LSTM_SMAPE,XGB_SMAPE_Improv_%,LSTM_SMAPE_Improv_%,Best_SMAPE_Model
Z0276001,0.5050972563731485,0.4945160830049024,0.6007121370649774,2.0948784090066592,-18.929994072506283,XGBoost,0.4131029032681864,0.3932844613071571,0.4967455596732679,4.797458890808895,-20.247414323007238,XGBoost,7.771770105408176,7.38379308002659,9.322205871682211,4.9921320383834145,-19.9495834957229,XGBoost
Z0386002,0.6174584481889925,0.5776794801381812,0.8262999260966842,6.44237165553135,-33.82275819858395,XGBoost,0.4933680712973646,0.4545767333786937,0.6844001375015618,7.862555397365884,-38.719989662455816,XGBoost,9.398169034875062,8.640196430971207,12.904747599114218,8.065109289811064,-37.31129490464386,XGBoost
Z0646002,0.5515662459533655,0.5351789495410285,0.8470169521949323,2.9710477268259945,-53.565769915976155,XGBoost,0.4416983956956404,0.4193734541337749,0.7073514707924927,5.054340649507103,-60.14354538880983,XGBoost,8.17110535445096,7.777713537402783,13.04256015626803,4.814425955649792,-59.61806378085057,XGBoost
Z1031001,0.823691198853352,0.8138833375743734,1.1165565681002818,1.190720659955086,-35.55523837751615,XGBoost,0.6676475001451724,0.6253095228009331,0.9319434990351968,6.341366864255968,-39.58615868891238,XGBoost,13.700619425974448,13.036964740669555,19.27278843893116,4.843975769786708,-40.67092763990408,XGBoost
Z1524001,0.5706876929766259,0.6045260545953646,0.8629982946504835,-5.929400972753165,-51.22076492471863,Linear Regression,0.4512307026246721,0.4636025174868409,0.7207846489046211,-2.7417936745451326,-59.73750117446254,Linear Regression,8.538620293441129,8.813228944738436,13.490211278771543,-3.216077561245403,-57.99052792093282,Linear Regression
