ATM_ID,LR_RMSE,XGB_RMSE,LSTM_RMSE,XGB_RMSE_Improv_%,LSTM_RMSE_Improv_%,Best_RMSE_Model,LR_MAE,XGB_MAE,LSTM_MAE,XGB_MAE_Improv_%,LSTM_MAE_Improv_%,Best_MAE_Model,LR_SMAPE,XGB_SMAPE,LSTM_SMAPE,XGB_SMAPE_Improv_%,LSTM_SMAPE_Improv_%,Best_SMAPE_Model
Z0276001,0.5050972563731485,0.4945160830049024,0.68338163447697,2.0948784090066592,-35.29703950165809,XGBoost,0.4131029032681864,0.3932844613071571,0.5654073685191152,4.797458890808895,-36.868408342328394,XGBoost,7.771770105408176,7.38379308002659,10.637569589161169,4.9921320383834145,-36.87447576143248,XGBoost
Z0386002,0.6174584481889925,0.5776794801381812,0.8427681289144339,6.44237165553135,-36.48985310449234,XGBoost,0.4933680712973646,0.4545767333786937,0.6972614218185185,7.862555397365884,-41.326823194090025,XGBoost,9.398169034875062,8.640196430971207,13.204392409240702,8.065109289811064,-40.49962668516996,XGBoost
Z0646002,0.5515662459533655,0.5351789495410285,0.8461796926051783,2.9710477268259945,-53.413973174261685,XGBoost,0.4416983956956404,0.4193734541337749,0.7042581726884913,5.054340649507103,-59.443226317211284,XGBoost,8.17110535445096,7.777713537402783,12.954944593971785,4.814425955649792,-58.54580294837313,XGBoost
Z1031001,0.823691198853352,0.8138833375743734,1.1037134073405646,1.190720659955086,-33.996018031639444,XGBoost,0.6676475001451724,0.6253095228009331,0.8902705004397884,6.341366864255968,-33.34439210005417,XGBoost,13.700619425974448,13.036964740669555,18.252937033369744,4.843975769786708,-33.22709335874801,XGBoost
Z1524001,0.5706876929766259,0.6045260545953646,0.8639884332590703,-5.929400972753165,-51.394264129410146,Linear Regression,0.4512307026246721,0.4636025174868409,0.7152002102237369,-2.7417936745451326,-58.499899511188914,Linear Regression,8.538620293441129,8.813228944738436,13.469033361634624,-3.216077561245403,-57.74250287228197,Linear Regression
