ATM_ID,LR_RMSE,XGB_RMSE,LSTM_RMSE,XGB_RMSE_Improv_%,LSTM_RMSE_Improv_%,Best_RMSE_Model,LR_SMAPE,XGB_SMAPE,LSTM_SMAPE,XGB_SMAPE_Improv_%,LSTM_SMAPE_Improv_%,Best_SMAPE_Model
Z0276001,0.5050972563731483,0.4945160830049024,0.666871333808949,2.094878409006616,-32.02830254858634,XGBoost,7.77177010540817,7.38379308002659,10.404530674732174,4.992132038383349,-33.87594503717929,XGBoost
Z0386002,0.6174584481889929,0.5776794801381812,0.8884652896878761,6.442371655531401,-43.89070103320263,XGBoost,9.398169034875067,8.640196430971207,13.89964818438008,8.065109289811117,-47.897405684030154,XGBoost
Z0646002,0.5515662459533656,0.5351789495410285,0.9192660081730156,2.971047726826014,-66.66465994199702,XGBoost,8.171105354450958,7.777713537402783,14.071494068364748,4.814425955649771,-72.21041043975445,XGBoost
Z1031001,0.8236911988533518,0.8138833375743734,1.084891541964894,1.1907206599550726,-31.71095472127845,XGBoost,13.700619425974448,13.036964740669555,18.078488857978957,4.843975769786708,-31.953806582676727,XGBoost
Z1524001,0.5706876929766259,0.6045260545953646,0.7858926453683501,-5.929400972753165,-37.70975877703718,Linear Regression,8.538620293441129,8.813228944738436,12.271485325026418,-3.216077561245403,-43.71742627380514,Linear Regression
