ATM_NUMBER,CV_RMSE_Mean,CV_RMSE_Std,MAE_Train,MAE_Test,RMSE_Train,RMSE_Test,SMAPE_Train,SMAPE_Test
1,56343.72130110868,18208.731367497,40519.21554305109,48594.57465428053,52870.5109824398,61297.88777184959,51.3644568600528,40.6984648260941
2,38226.96731341508,2575.3473759961994,29871.51678040086,29223.906562334385,37656.84407628183,37556.38445195197,43.990072819660405,43.23788598689854
3,24758.5943593632,8249.440627871436,17793.2669094616,18535.207224364818,23802.681088271413,26609.279527399747,64.85111336013885,62.148101528228835
4,58214.32929426713,4640.519298549952,42690.95990998072,40227.231979370794,54241.702238852005,52517.11075605824,58.10709603541802,53.5622682509582
5,34064.67512477029,8215.841255022156,25849.17322176913,26092.0403982373,34481.56599766118,34975.27317061839,62.971364742451705,59.80258167599587
