ATM_ID,CV_RMSE_Hmean,CV_RMSE_Hstd,CV_MAE_Hmean,CV_MAE_Hstd,CV_SMAPE_Hmean,CV_SMAPE_Hstd,Horizons,Samples
Z0276001,0.5050972563731483,0.07758748060624134,0.4131029032681862,0.06841840053021876,7.77177010540817,1.4719576181248963,7,100
Z0386002,0.6174584481889929,0.10218765277328294,0.493368071297365,0.08672419178518707,9.398169034875067,1.9536084377883227,7,100
Z0646002,0.5515662459533656,0.07833907206190367,0.4416983956956404,0.054432270845402114,8.171105354450958,1.33059478517806,7,100
Z1031001,0.8236911988533518,0.0900842976973426,0.6676475001451726,0.08174588754141686,13.700619425974448,2.06062834933292,7,100
Z1524001,0.5706876929766259,0.07557029127211615,0.45123070262467213,0.057641843182415456,8.538620293441129,1.364768722905472,7,100
